nutriscore,avg_fiber
a,4.725598
b,1.892538
c,3.4926789
d,2.3161535
e,1.5237633
not-applicable,4.725
